prayer,date_local,time_local,hours_from_midnight,target_angle,sqm_at_crossing,lat,lng,elevation_m,utc_offset,source,notes
fajr,2020-09-23,04:22,4.3758,18.0,22.234,-8.65,124.08,1600.0,8.0,"BRIN CC0 SQM dataset, Mount Timau NTT Indonesia (data.brin.go.id hdl:20.500.12690/RIN/A5XCJB)",Pristine site 21.86 mpsas; 1600m; per-night SQM time series; target=18.0°; SQM at crossing=22.234
fajr,2020-09-24,04:22,4.37,18.0,22.2,-8.65,124.08,1600.0,8.0,"BRIN CC0 SQM dataset, Mount Timau NTT Indonesia (data.brin.go.id hdl:20.500.12690/RIN/A5XCJB)",Pristine site 21.86 mpsas; 1600m; per-night SQM time series; target=18.0°; SQM at crossing=22.2
fajr,2020-09-25,04:21,4.3572,18.0,22.206,-8.65,124.08,1600.0,8.0,"BRIN CC0 SQM dataset, Mount Timau NTT Indonesia (data.brin.go.id hdl:20.500.12690/RIN/A5XCJB)",Pristine site 21.86 mpsas; 1600m; per-night SQM time series; target=18.0°; SQM at crossing=22.206
fajr,2020-09-26,04:20,4.3444,18.0,22.213,-8.65,124.08,1600.0,8.0,"BRIN CC0 SQM dataset, Mount Timau NTT Indonesia (data.brin.go.id hdl:20.500.12690/RIN/A5XCJB)",Pristine site 21.86 mpsas; 1600m; per-night SQM time series; target=18.0°; SQM at crossing=22.213
fajr,2020-09-27,04:19,4.3317,18.0,22.17,-8.65,124.08,1600.0,8.0,"BRIN CC0 SQM dataset, Mount Timau NTT Indonesia (data.brin.go.id hdl:20.500.12690/RIN/A5XCJB)",Pristine site 21.86 mpsas; 1600m; per-night SQM time series; target=18.0°; SQM at crossing=22.17
fajr,2020-09-28,04:19,4.3248,18.0,22.12,-8.65,124.08,1600.0,8.0,"BRIN CC0 SQM dataset, Mount Timau NTT Indonesia (data.brin.go.id hdl:20.500.12690/RIN/A5XCJB)",Pristine site 21.86 mpsas; 1600m; per-night SQM time series; target=18.0°; SQM at crossing=22.12
fajr,2020-09-29,04:25,4.42,16.51,21.37,-8.65,124.08,1600.0,8.0,"BRIN CC0 SQM dataset, Mount Timau NTT Indonesia (data.brin.go.id hdl:20.500.12690/RIN/A5XCJB)",Pristine site 21.86 mpsas; 1600m; per-night SQM time series; target=16.51°; SQM at crossing=21.37
fajr,2020-10-12,04:10,4.1796,18.0,21.69,-8.65,124.08,1600.0,8.0,"BRIN CC0 SQM dataset, Mount Timau NTT Indonesia (data.brin.go.id hdl:20.500.12690/RIN/A5XCJB)",Pristine site 21.86 mpsas; 1600m; per-night SQM time series; target=18.0°; SQM at crossing=21.69
fajr,2020-10-20,04:06,4.1096,18.0,21.965,-8.65,124.08,1600.0,8.0,"BRIN CC0 SQM dataset, Mount Timau NTT Indonesia (data.brin.go.id hdl:20.500.12690/RIN/A5XCJB)",Pristine site 21.86 mpsas; 1600m; per-night SQM time series; target=18.0°; SQM at crossing=21.965
fajr,2020-10-21,04:05,4.1,18.0,21.96,-8.65,124.08,1600.0,8.0,"BRIN CC0 SQM dataset, Mount Timau NTT Indonesia (data.brin.go.id hdl:20.500.12690/RIN/A5XCJB)",Pristine site 21.86 mpsas; 1600m; per-night SQM time series; target=18.0°; SQM at crossing=21.96
fajr,2020-10-22,04:05,4.0892,18.0,21.96,-8.65,124.08,1600.0,8.0,"BRIN CC0 SQM dataset, Mount Timau NTT Indonesia (data.brin.go.id hdl:20.500.12690/RIN/A5XCJB)",Pristine site 21.86 mpsas; 1600m; per-night SQM time series; target=18.0°; SQM at crossing=21.96
fajr,2020-10-23,04:04,4.0796,18.0,21.93,-8.65,124.08,1600.0,8.0,"BRIN CC0 SQM dataset, Mount Timau NTT Indonesia (data.brin.go.id hdl:20.500.12690/RIN/A5XCJB)",Pristine site 21.86 mpsas; 1600m; per-night SQM time series; target=18.0°; SQM at crossing=21.93
fajr,2020-10-24,04:10,4.1779,16.51,21.714,-8.65,124.08,1600.0,8.0,"BRIN CC0 SQM dataset, Mount Timau NTT Indonesia (data.brin.go.id hdl:20.500.12690/RIN/A5XCJB)",Pristine site 21.86 mpsas; 1600m; per-night SQM time series; target=16.51°; SQM at crossing=21.714
fajr,2020-10-24,04:04,4.0752,18.0,21.77,-8.65,124.08,1600.0,8.0,"BRIN CC0 SQM dataset, Mount Timau NTT Indonesia (data.brin.go.id hdl:20.500.12690/RIN/A5XCJB)",Pristine site 21.86 mpsas; 1600m; per-night SQM time series; target=18.0°; SQM at crossing=21.77
fajr,2020-10-25,04:10,4.1733,16.51,21.767,-8.65,124.08,1600.0,8.0,"BRIN CC0 SQM dataset, Mount Timau NTT Indonesia (data.brin.go.id hdl:20.500.12690/RIN/A5XCJB)",Pristine site 21.86 mpsas; 1600m; per-night SQM time series; target=16.51°; SQM at crossing=21.767
fajr,2020-10-25,04:04,4.0704,18.0,21.81,-8.65,124.08,1600.0,8.0,"BRIN CC0 SQM dataset, Mount Timau NTT Indonesia (data.brin.go.id hdl:20.500.12690/RIN/A5XCJB)",Pristine site 21.86 mpsas; 1600m; per-night SQM time series; target=18.0°; SQM at crossing=21.81
fajr,2020-10-26,04:10,4.1675,16.51,21.771,-8.65,124.08,1600.0,8.0,"BRIN CC0 SQM dataset, Mount Timau NTT Indonesia (data.brin.go.id hdl:20.500.12690/RIN/A5XCJB)",Pristine site 21.86 mpsas; 1600m; per-night SQM time series; target=16.51°; SQM at crossing=21.771
fajr,2020-10-26,04:03,4.0613,18.0,21.82,-8.65,124.08,1600.0,8.0,"BRIN CC0 SQM dataset, Mount Timau NTT Indonesia (data.brin.go.id hdl:20.500.12690/RIN/A5XCJB)",Pristine site 21.86 mpsas; 1600m; per-night SQM time series; target=18.0°; SQM at crossing=21.82
fajr,2020-10-27,04:09,4.1592,16.51,21.821,-8.65,124.08,1600.0,8.0,"BRIN CC0 SQM dataset, Mount Timau NTT Indonesia (data.brin.go.id hdl:20.500.12690/RIN/A5XCJB)",Pristine site 21.86 mpsas; 1600m; per-night SQM time series; target=16.51°; SQM at crossing=21.821
fajr,2020-10-27,04:03,4.0525,18.0,21.88,-8.65,124.08,1600.0,8.0,"BRIN CC0 SQM dataset, Mount Timau NTT Indonesia (data.brin.go.id hdl:20.500.12690/RIN/A5XCJB)",Pristine site 21.86 mpsas; 1600m; per-night SQM time series; target=18.0°; SQM at crossing=21.88
fajr,2020-10-28,04:09,4.1508,16.51,21.789,-8.65,124.08,1600.0,8.0,"BRIN CC0 SQM dataset, Mount Timau NTT Indonesia (data.brin.go.id hdl:20.500.12690/RIN/A5XCJB)",Pristine site 21.86 mpsas; 1600m; per-night SQM time series; target=16.51°; SQM at crossing=21.789
fajr,2020-10-28,04:02,4.0433,18.0,21.83,-8.65,124.08,1600.0,8.0,"BRIN CC0 SQM dataset, Mount Timau NTT Indonesia (data.brin.go.id hdl:20.500.12690/RIN/A5XCJB)",Pristine site 21.86 mpsas; 1600m; per-night SQM time series; target=18.0°; SQM at crossing=21.83
fajr,2020-11-10,03:58,3.9735,18.0,21.04,-8.65,124.08,1600.0,8.0,"BRIN CC0 SQM dataset, Mount Timau NTT Indonesia (data.brin.go.id hdl:20.500.12690/RIN/A5XCJB)",Pristine site 21.86 mpsas; 1600m; per-night SQM time series; target=18.0°; SQM at crossing=21.04
fajr,2020-11-11,03:58,3.9709,18.0,21.66,-8.65,124.08,1600.0,8.0,"BRIN CC0 SQM dataset, Mount Timau NTT Indonesia (data.brin.go.id hdl:20.500.12690/RIN/A5XCJB)",Pristine site 21.86 mpsas; 1600m; per-night SQM time series; target=18.0°; SQM at crossing=21.66
fajr,2020-11-12,03:58,3.9682,18.0,21.71,-8.65,124.08,1600.0,8.0,"BRIN CC0 SQM dataset, Mount Timau NTT Indonesia (data.brin.go.id hdl:20.500.12690/RIN/A5XCJB)",Pristine site 21.86 mpsas; 1600m; per-night SQM time series; target=18.0°; SQM at crossing=21.71
fajr,2020-11-13,03:57,3.9639,18.0,21.77,-8.65,124.08,1600.0,8.0,"BRIN CC0 SQM dataset, Mount Timau NTT Indonesia (data.brin.go.id hdl:20.500.12690/RIN/A5XCJB)",Pristine site 21.86 mpsas; 1600m; per-night SQM time series; target=18.0°; SQM at crossing=21.77
fajr,2020-11-14,03:57,3.9604,18.0,21.81,-8.65,124.08,1600.0,8.0,"BRIN CC0 SQM dataset, Mount Timau NTT Indonesia (data.brin.go.id hdl:20.500.12690/RIN/A5XCJB)",Pristine site 21.86 mpsas; 1600m; per-night SQM time series; target=18.0°; SQM at crossing=21.81
fajr,2020-11-15,03:57,3.957,18.0,21.85,-8.65,124.08,1600.0,8.0,"BRIN CC0 SQM dataset, Mount Timau NTT Indonesia (data.brin.go.id hdl:20.500.12690/RIN/A5XCJB)",Pristine site 21.86 mpsas; 1600m; per-night SQM time series; target=18.0°; SQM at crossing=21.85
fajr,2020-11-16,03:57,3.9545,18.0,21.75,-8.65,124.08,1600.0,8.0,"BRIN CC0 SQM dataset, Mount Timau NTT Indonesia (data.brin.go.id hdl:20.500.12690/RIN/A5XCJB)",Pristine site 21.86 mpsas; 1600m; per-night SQM time series; target=18.0°; SQM at crossing=21.75
fajr,2020-11-17,03:57,3.9526,18.0,21.81,-8.65,124.08,1600.0,8.0,"BRIN CC0 SQM dataset, Mount Timau NTT Indonesia (data.brin.go.id hdl:20.500.12690/RIN/A5XCJB)",Pristine site 21.86 mpsas; 1600m; per-night SQM time series; target=18.0°; SQM at crossing=21.81
fajr,2020-11-18,03:57,3.95,18.0,21.88,-8.65,124.08,1600.0,8.0,"BRIN CC0 SQM dataset, Mount Timau NTT Indonesia (data.brin.go.id hdl:20.500.12690/RIN/A5XCJB)",Pristine site 21.86 mpsas; 1600m; per-night SQM time series; target=18.0°; SQM at crossing=21.88
fajr,2020-11-19,03:56,3.9483,18.0,21.911,-8.65,124.08,1600.0,8.0,"BRIN CC0 SQM dataset, Mount Timau NTT Indonesia (data.brin.go.id hdl:20.500.12690/RIN/A5XCJB)",Pristine site 21.86 mpsas; 1600m; per-night SQM time series; target=18.0°; SQM at crossing=21.911
fajr,2020-11-20,03:56,3.9474,18.0,21.85,-8.65,124.08,1600.0,8.0,"BRIN CC0 SQM dataset, Mount Timau NTT Indonesia (data.brin.go.id hdl:20.500.12690/RIN/A5XCJB)",Pristine site 21.86 mpsas; 1600m; per-night SQM time series; target=18.0°; SQM at crossing=21.85
fajr,2020-11-21,03:56,3.9473,18.0,21.64,-8.65,124.08,1600.0,8.0,"BRIN CC0 SQM dataset, Mount Timau NTT Indonesia (data.brin.go.id hdl:20.500.12690/RIN/A5XCJB)",Pristine site 21.86 mpsas; 1600m; per-night SQM time series; target=18.0°; SQM at crossing=21.64
fajr,2020-11-22,03:56,3.9464,18.0,21.84,-8.65,124.08,1600.0,8.0,"BRIN CC0 SQM dataset, Mount Timau NTT Indonesia (data.brin.go.id hdl:20.500.12690/RIN/A5XCJB)",Pristine site 21.86 mpsas; 1600m; per-night SQM time series; target=18.0°; SQM at crossing=21.84
fajr,2020-11-23,03:56,3.9464,18.0,21.888,-8.65,124.08,1600.0,8.0,"BRIN CC0 SQM dataset, Mount Timau NTT Indonesia (data.brin.go.id hdl:20.500.12690/RIN/A5XCJB)",Pristine site 21.86 mpsas; 1600m; per-night SQM time series; target=18.0°; SQM at crossing=21.888
fajr,2020-11-24,03:56,3.9464,18.0,21.872,-8.65,124.08,1600.0,8.0,"BRIN CC0 SQM dataset, Mount Timau NTT Indonesia (data.brin.go.id hdl:20.500.12690/RIN/A5XCJB)",Pristine site 21.86 mpsas; 1600m; per-night SQM time series; target=18.0°; SQM at crossing=21.872
fajr,2020-11-25,03:56,3.9473,18.0,21.86,-8.65,124.08,1600.0,8.0,"BRIN CC0 SQM dataset, Mount Timau NTT Indonesia (data.brin.go.id hdl:20.500.12690/RIN/A5XCJB)",Pristine site 21.86 mpsas; 1600m; per-night SQM time series; target=18.0°; SQM at crossing=21.86
fajr,2020-11-26,03:56,3.9482,18.0,21.919,-8.65,124.08,1600.0,8.0,"BRIN CC0 SQM dataset, Mount Timau NTT Indonesia (data.brin.go.id hdl:20.500.12690/RIN/A5XCJB)",Pristine site 21.86 mpsas; 1600m; per-night SQM time series; target=18.0°; SQM at crossing=21.919
fajr,2020-11-27,03:56,3.9491,18.0,22.07,-8.65,124.08,1600.0,8.0,"BRIN CC0 SQM dataset, Mount Timau NTT Indonesia (data.brin.go.id hdl:20.500.12690/RIN/A5XCJB)",Pristine site 21.86 mpsas; 1600m; per-night SQM time series; target=18.0°; SQM at crossing=22.07
fajr,2020-12-20,04:10,4.1768,16.51,22.343,-8.65,124.08,1600.0,8.0,"BRIN CC0 SQM dataset, Mount Timau NTT Indonesia (data.brin.go.id hdl:20.500.12690/RIN/A5XCJB)",Pristine site 21.86 mpsas; 1600m; per-night SQM time series; target=16.51°; SQM at crossing=22.343
fajr,2020-12-20,04:03,4.0655,18.0,22.373,-8.65,124.08,1600.0,8.0,"BRIN CC0 SQM dataset, Mount Timau NTT Indonesia (data.brin.go.id hdl:20.500.12690/RIN/A5XCJB)",Pristine site 21.86 mpsas; 1600m; per-night SQM time series; target=18.0°; SQM at crossing=22.373
fajr,2020-12-24,04:05,4.0982,18.0,22.251,-8.65,124.08,1600.0,8.0,"BRIN CC0 SQM dataset, Mount Timau NTT Indonesia (data.brin.go.id hdl:20.500.12690/RIN/A5XCJB)",Pristine site 21.86 mpsas; 1600m; per-night SQM time series; target=18.0°; SQM at crossing=22.251
fajr,2020-12-25,04:06,4.1095,18.0,22.195,-8.65,124.08,1600.0,8.0,"BRIN CC0 SQM dataset, Mount Timau NTT Indonesia (data.brin.go.id hdl:20.500.12690/RIN/A5XCJB)",Pristine site 21.86 mpsas; 1600m; per-night SQM time series; target=18.0°; SQM at crossing=22.195
fajr,2020-12-26,04:07,4.1205,18.0,22.15,-8.65,124.08,1600.0,8.0,"BRIN CC0 SQM dataset, Mount Timau NTT Indonesia (data.brin.go.id hdl:20.500.12690/RIN/A5XCJB)",Pristine site 21.86 mpsas; 1600m; per-night SQM time series; target=18.0°; SQM at crossing=22.15
fajr,2020-12-27,04:07,4.1255,18.0,22.33,-8.65,124.08,1600.0,8.0,"BRIN CC0 SQM dataset, Mount Timau NTT Indonesia (data.brin.go.id hdl:20.500.12690/RIN/A5XCJB)",Pristine site 21.86 mpsas; 1600m; per-night SQM time series; target=18.0°; SQM at crossing=22.33
fajr,2021-01-13,04:17,4.2973,18.0,22.353,-8.65,124.08,1600.0,8.0,"BRIN CC0 SQM dataset, Mount Timau NTT Indonesia (data.brin.go.id hdl:20.500.12690/RIN/A5XCJB)",Pristine site 21.86 mpsas; 1600m; per-night SQM time series; target=18.0°; SQM at crossing=22.353
fajr,2021-01-17,04:20,4.3364,18.0,22.34,-8.65,124.08,1600.0,8.0,"BRIN CC0 SQM dataset, Mount Timau NTT Indonesia (data.brin.go.id hdl:20.500.12690/RIN/A5XCJB)",Pristine site 21.86 mpsas; 1600m; per-night SQM time series; target=18.0°; SQM at crossing=22.34
fajr,2021-01-18,04:20,4.3473,18.0,22.43,-8.65,124.08,1600.0,8.0,"BRIN CC0 SQM dataset, Mount Timau NTT Indonesia (data.brin.go.id hdl:20.500.12690/RIN/A5XCJB)",Pristine site 21.86 mpsas; 1600m; per-night SQM time series; target=18.0°; SQM at crossing=22.43
fajr,2021-01-26,04:32,4.5335,16.51,21.843,-8.65,124.08,1600.0,8.0,"BRIN CC0 SQM dataset, Mount Timau NTT Indonesia (data.brin.go.id hdl:20.500.12690/RIN/A5XCJB)",Pristine site 21.86 mpsas; 1600m; per-night SQM time series; target=16.51°; SQM at crossing=21.843
fajr,2021-01-26,04:25,4.4259,18.0,21.99,-8.65,124.08,1600.0,8.0,"BRIN CC0 SQM dataset, Mount Timau NTT Indonesia (data.brin.go.id hdl:20.500.12690/RIN/A5XCJB)",Pristine site 21.86 mpsas; 1600m; per-night SQM time series; target=18.0°; SQM at crossing=21.99
fajr,2021-09-03,04:34,4.5768,18.0,21.94,-8.65,124.08,1600.0,8.0,"BRIN CC0 SQM dataset, Mount Timau NTT Indonesia (data.brin.go.id hdl:20.500.12690/RIN/A5XCJB)",Pristine site 21.86 mpsas; 1600m; per-night SQM time series; target=18.0°; SQM at crossing=21.94
fajr,2021-09-04,04:34,4.5704,18.0,22.29,-8.65,124.08,1600.0,8.0,"BRIN CC0 SQM dataset, Mount Timau NTT Indonesia (data.brin.go.id hdl:20.500.12690/RIN/A5XCJB)",Pristine site 21.86 mpsas; 1600m; per-night SQM time series; target=18.0°; SQM at crossing=22.29
fajr,2021-09-05,04:33,4.5608,18.0,22.18,-8.65,124.08,1600.0,8.0,"BRIN CC0 SQM dataset, Mount Timau NTT Indonesia (data.brin.go.id hdl:20.500.12690/RIN/A5XCJB)",Pristine site 21.86 mpsas; 1600m; per-night SQM time series; target=18.0°; SQM at crossing=22.18
fajr,2021-09-13,04:34,4.58,16.51,22.08,-8.65,124.08,1600.0,8.0,"BRIN CC0 SQM dataset, Mount Timau NTT Indonesia (data.brin.go.id hdl:20.500.12690/RIN/A5XCJB)",Pristine site 21.86 mpsas; 1600m; per-night SQM time series; target=16.51°; SQM at crossing=22.08
fajr,2021-09-13,04:28,4.4792,18.0,22.181,-8.65,124.08,1600.0,8.0,"BRIN CC0 SQM dataset, Mount Timau NTT Indonesia (data.brin.go.id hdl:20.500.12690/RIN/A5XCJB)",Pristine site 21.86 mpsas; 1600m; per-night SQM time series; target=18.0°; SQM at crossing=22.181
fajr,2021-09-14,04:34,4.5744,16.51,21.977,-8.65,124.08,1600.0,8.0,"BRIN CC0 SQM dataset, Mount Timau NTT Indonesia (data.brin.go.id hdl:20.500.12690/RIN/A5XCJB)",Pristine site 21.86 mpsas; 1600m; per-night SQM time series; target=16.51°; SQM at crossing=21.977
fajr,2021-09-14,04:28,4.4737,18.0,22.052,-8.65,124.08,1600.0,8.0,"BRIN CC0 SQM dataset, Mount Timau NTT Indonesia (data.brin.go.id hdl:20.500.12690/RIN/A5XCJB)",Pristine site 21.86 mpsas; 1600m; per-night SQM time series; target=18.0°; SQM at crossing=22.052
fajr,2021-09-15,04:33,4.5667,16.51,22.073,-8.65,124.08,1600.0,8.0,"BRIN CC0 SQM dataset, Mount Timau NTT Indonesia (data.brin.go.id hdl:20.500.12690/RIN/A5XCJB)",Pristine site 21.86 mpsas; 1600m; per-night SQM time series; target=16.51°; SQM at crossing=22.073
fajr,2021-09-15,04:27,4.465,18.0,22.163,-8.65,124.08,1600.0,8.0,"BRIN CC0 SQM dataset, Mount Timau NTT Indonesia (data.brin.go.id hdl:20.500.12690/RIN/A5XCJB)",Pristine site 21.86 mpsas; 1600m; per-night SQM time series; target=18.0°; SQM at crossing=22.163
fajr,2021-09-16,04:33,4.5548,16.51,21.985,-8.65,124.08,1600.0,8.0,"BRIN CC0 SQM dataset, Mount Timau NTT Indonesia (data.brin.go.id hdl:20.500.12690/RIN/A5XCJB)",Pristine site 21.86 mpsas; 1600m; per-night SQM time series; target=16.51°; SQM at crossing=21.985
fajr,2021-09-16,04:27,4.4533,18.0,22.057,-8.65,124.08,1600.0,8.0,"BRIN CC0 SQM dataset, Mount Timau NTT Indonesia (data.brin.go.id hdl:20.500.12690/RIN/A5XCJB)",Pristine site 21.86 mpsas; 1600m; per-night SQM time series; target=18.0°; SQM at crossing=22.057
fajr,2021-09-17,04:32,4.5417,16.51,22.057,-8.65,124.08,1600.0,8.0,"BRIN CC0 SQM dataset, Mount Timau NTT Indonesia (data.brin.go.id hdl:20.500.12690/RIN/A5XCJB)",Pristine site 21.86 mpsas; 1600m; per-night SQM time series; target=16.51°; SQM at crossing=22.057
fajr,2021-09-17,04:26,4.4404,18.0,22.15,-8.65,124.08,1600.0,8.0,"BRIN CC0 SQM dataset, Mount Timau NTT Indonesia (data.brin.go.id hdl:20.500.12690/RIN/A5XCJB)",Pristine site 21.86 mpsas; 1600m; per-night SQM time series; target=18.0°; SQM at crossing=22.15
fajr,2021-09-18,04:31,4.53,16.51,21.96,-8.65,124.08,1600.0,8.0,"BRIN CC0 SQM dataset, Mount Timau NTT Indonesia (data.brin.go.id hdl:20.500.12690/RIN/A5XCJB)",Pristine site 21.86 mpsas; 1600m; per-night SQM time series; target=16.51°; SQM at crossing=21.96
fajr,2021-09-18,04:25,4.4296,18.0,21.889,-8.65,124.08,1600.0,8.0,"BRIN CC0 SQM dataset, Mount Timau NTT Indonesia (data.brin.go.id hdl:20.500.12690/RIN/A5XCJB)",Pristine site 21.86 mpsas; 1600m; per-night SQM time series; target=18.0°; SQM at crossing=21.889
fajr,2021-10-13,04:10,4.175,18.0,21.735,-8.65,124.08,1600.0,8.0,"BRIN CC0 SQM dataset, Mount Timau NTT Indonesia (data.brin.go.id hdl:20.500.12690/RIN/A5XCJB)",Pristine site 21.86 mpsas; 1600m; per-night SQM time series; target=18.0°; SQM at crossing=21.735
fajr,2021-10-15,04:09,4.1575,18.0,21.676,-8.65,124.08,1600.0,8.0,"BRIN CC0 SQM dataset, Mount Timau NTT Indonesia (data.brin.go.id hdl:20.500.12690/RIN/A5XCJB)",Pristine site 21.86 mpsas; 1600m; per-night SQM time series; target=18.0°; SQM at crossing=21.676
fajr,2021-10-16,04:08,4.1467,18.0,21.48,-8.65,124.08,1600.0,8.0,"BRIN CC0 SQM dataset, Mount Timau NTT Indonesia (data.brin.go.id hdl:20.500.12690/RIN/A5XCJB)",Pristine site 21.86 mpsas; 1600m; per-night SQM time series; target=18.0°; SQM at crossing=21.48
fajr,2021-10-17,04:08,4.135,18.0,21.74,-8.65,124.08,1600.0,8.0,"BRIN CC0 SQM dataset, Mount Timau NTT Indonesia (data.brin.go.id hdl:20.500.12690/RIN/A5XCJB)",Pristine site 21.86 mpsas; 1600m; per-night SQM time series; target=18.0°; SQM at crossing=21.74
fajr,2021-11-09,03:58,3.9765,18.0,21.7,-8.65,124.08,1600.0,8.0,"BRIN CC0 SQM dataset, Mount Timau NTT Indonesia (data.brin.go.id hdl:20.500.12690/RIN/A5XCJB)",Pristine site 21.86 mpsas; 1600m; per-night SQM time series; target=18.0°; SQM at crossing=21.7
fajr,2021-11-10,03:58,3.9736,18.0,21.81,-8.65,124.08,1600.0,8.0,"BRIN CC0 SQM dataset, Mount Timau NTT Indonesia (data.brin.go.id hdl:20.500.12690/RIN/A5XCJB)",Pristine site 21.86 mpsas; 1600m; per-night SQM time series; target=18.0°; SQM at crossing=21.81
fajr,2021-11-11,03:58,3.9713,18.0,21.683,-8.65,124.08,1600.0,8.0,"BRIN CC0 SQM dataset, Mount Timau NTT Indonesia (data.brin.go.id hdl:20.500.12690/RIN/A5XCJB)",Pristine site 21.86 mpsas; 1600m; per-night SQM time series; target=18.0°; SQM at crossing=21.683
fajr,2021-11-12,04:04,4.0743,16.51,21.756,-8.65,124.08,1600.0,8.0,"BRIN CC0 SQM dataset, Mount Timau NTT Indonesia (data.brin.go.id hdl:20.500.12690/RIN/A5XCJB)",Pristine site 21.86 mpsas; 1600m; per-night SQM time series; target=16.51°; SQM at crossing=21.756
fajr,2021-11-12,03:58,3.9683,18.0,21.781,-8.65,124.08,1600.0,8.0,"BRIN CC0 SQM dataset, Mount Timau NTT Indonesia (data.brin.go.id hdl:20.500.12690/RIN/A5XCJB)",Pristine site 21.86 mpsas; 1600m; per-night SQM time series; target=18.0°; SQM at crossing=21.781
fajr,2021-11-13,03:57,3.9645,18.0,21.84,-8.65,124.08,1600.0,8.0,"BRIN CC0 SQM dataset, Mount Timau NTT Indonesia (data.brin.go.id hdl:20.500.12690/RIN/A5XCJB)",Pristine site 21.86 mpsas; 1600m; per-night SQM time series; target=18.0°; SQM at crossing=21.84
fajr,2021-11-14,03:57,3.9604,18.0,21.94,-8.65,124.08,1600.0,8.0,"BRIN CC0 SQM dataset, Mount Timau NTT Indonesia (data.brin.go.id hdl:20.500.12690/RIN/A5XCJB)",Pristine site 21.86 mpsas; 1600m; per-night SQM time series; target=18.0°; SQM at crossing=21.94
fajr,2021-11-15,04:04,4.0691,16.51,21.81,-8.65,124.08,1600.0,8.0,"BRIN CC0 SQM dataset, Mount Timau NTT Indonesia (data.brin.go.id hdl:20.500.12690/RIN/A5XCJB)",Pristine site 21.86 mpsas; 1600m; per-night SQM time series; target=16.51°; SQM at crossing=21.81
fajr,2021-11-15,03:57,3.9578,18.0,21.84,-8.65,124.08,1600.0,8.0,"BRIN CC0 SQM dataset, Mount Timau NTT Indonesia (data.brin.go.id hdl:20.500.12690/RIN/A5XCJB)",Pristine site 21.86 mpsas; 1600m; per-night SQM time series; target=18.0°; SQM at crossing=21.84
fajr,2021-11-16,03:57,3.9536,18.0,22.015,-8.65,124.08,1600.0,8.0,"BRIN CC0 SQM dataset, Mount Timau NTT Indonesia (data.brin.go.id hdl:20.500.12690/RIN/A5XCJB)",Pristine site 21.86 mpsas; 1600m; per-night SQM time series; target=18.0°; SQM at crossing=22.015
fajr,2021-11-30,03:57,3.9564,18.0,21.303,-8.65,124.08,1600.0,8.0,"BRIN CC0 SQM dataset, Mount Timau NTT Indonesia (data.brin.go.id hdl:20.500.12690/RIN/A5XCJB)",Pristine site 21.86 mpsas; 1600m; per-night SQM time series; target=18.0°; SQM at crossing=21.303
fajr,2021-12-01,03:57,3.9591,18.0,21.8,-8.65,124.08,1600.0,8.0,"BRIN CC0 SQM dataset, Mount Timau NTT Indonesia (data.brin.go.id hdl:20.500.12690/RIN/A5XCJB)",Pristine site 21.86 mpsas; 1600m; per-night SQM time series; target=18.0°; SQM at crossing=21.8
fajr,2021-12-02,03:57,3.9618,18.0,21.95,-8.65,124.08,1600.0,8.0,"BRIN CC0 SQM dataset, Mount Timau NTT Indonesia (data.brin.go.id hdl:20.500.12690/RIN/A5XCJB)",Pristine site 21.86 mpsas; 1600m; per-night SQM time series; target=18.0°; SQM at crossing=21.95
fajr,2021-12-04,03:58,3.9705,18.0,21.84,-8.65,124.08,1600.0,8.0,"BRIN CC0 SQM dataset, Mount Timau NTT Indonesia (data.brin.go.id hdl:20.500.12690/RIN/A5XCJB)",Pristine site 21.86 mpsas; 1600m; per-night SQM time series; target=18.0°; SQM at crossing=21.84
fajr,2021-12-06,03:58,3.975,18.0,22.0,-8.65,124.08,1600.0,8.0,"BRIN CC0 SQM dataset, Mount Timau NTT Indonesia (data.brin.go.id hdl:20.500.12690/RIN/A5XCJB)",Pristine site 21.86 mpsas; 1600m; per-night SQM time series; target=18.0°; SQM at crossing=22.0
fajr,2021-12-11,04:07,4.1181,16.51,21.92,-8.65,124.08,1600.0,8.0,"BRIN CC0 SQM dataset, Mount Timau NTT Indonesia (data.brin.go.id hdl:20.500.12690/RIN/A5XCJB)",Pristine site 21.86 mpsas; 1600m; per-night SQM time series; target=16.51°; SQM at crossing=21.92
fajr,2021-12-11,04:00,4.0009,18.0,21.95,-8.65,124.08,1600.0,8.0,"BRIN CC0 SQM dataset, Mount Timau NTT Indonesia (data.brin.go.id hdl:20.500.12690/RIN/A5XCJB)",Pristine site 21.86 mpsas; 1600m; per-night SQM time series; target=18.0°; SQM at crossing=21.95
fajr,2021-12-12,04:07,4.1224,16.51,21.868,-8.65,124.08,1600.0,8.0,"BRIN CC0 SQM dataset, Mount Timau NTT Indonesia (data.brin.go.id hdl:20.500.12690/RIN/A5XCJB)",Pristine site 21.86 mpsas; 1600m; per-night SQM time series; target=16.51°; SQM at crossing=21.868
fajr,2021-12-12,04:00,4.0082,18.0,21.91,-8.65,124.08,1600.0,8.0,"BRIN CC0 SQM dataset, Mount Timau NTT Indonesia (data.brin.go.id hdl:20.500.12690/RIN/A5XCJB)",Pristine site 21.86 mpsas; 1600m; per-night SQM time series; target=18.0°; SQM at crossing=21.91
fajr,2021-12-13,04:07,4.1264,16.51,21.847,-8.65,124.08,1600.0,8.0,"BRIN CC0 SQM dataset, Mount Timau NTT Indonesia (data.brin.go.id hdl:20.500.12690/RIN/A5XCJB)",Pristine site 21.86 mpsas; 1600m; per-night SQM time series; target=16.51°; SQM at crossing=21.847
fajr,2021-12-13,04:00,4.0155,18.0,21.88,-8.65,124.08,1600.0,8.0,"BRIN CC0 SQM dataset, Mount Timau NTT Indonesia (data.brin.go.id hdl:20.500.12690/RIN/A5XCJB)",Pristine site 21.86 mpsas; 1600m; per-night SQM time series; target=18.0°; SQM at crossing=21.88
fajr,2021-12-14,04:07,4.13,16.51,22.02,-8.65,124.08,1600.0,8.0,"BRIN CC0 SQM dataset, Mount Timau NTT Indonesia (data.brin.go.id hdl:20.500.12690/RIN/A5XCJB)",Pristine site 21.86 mpsas; 1600m; per-night SQM time series; target=16.51°; SQM at crossing=22.02
fajr,2021-12-14,04:01,4.021,18.0,22.089,-8.65,124.08,1600.0,8.0,"BRIN CC0 SQM dataset, Mount Timau NTT Indonesia (data.brin.go.id hdl:20.500.12690/RIN/A5XCJB)",Pristine site 21.86 mpsas; 1600m; per-night SQM time series; target=18.0°; SQM at crossing=22.089
fajr,2021-12-15,04:08,4.1382,16.51,21.992,-8.65,124.08,1600.0,8.0,"BRIN CC0 SQM dataset, Mount Timau NTT Indonesia (data.brin.go.id hdl:20.500.12690/RIN/A5XCJB)",Pristine site 21.86 mpsas; 1600m; per-night SQM time series; target=16.51°; SQM at crossing=21.992
fajr,2021-12-15,04:01,4.0255,18.0,22.055,-8.65,124.08,1600.0,8.0,"BRIN CC0 SQM dataset, Mount Timau NTT Indonesia (data.brin.go.id hdl:20.500.12690/RIN/A5XCJB)",Pristine site 21.86 mpsas; 1600m; per-night SQM time series; target=18.0°; SQM at crossing=22.055
fajr,2021-12-16,04:08,4.1464,16.51,22.004,-8.65,124.08,1600.0,8.0,"BRIN CC0 SQM dataset, Mount Timau NTT Indonesia (data.brin.go.id hdl:20.500.12690/RIN/A5XCJB)",Pristine site 21.86 mpsas; 1600m; per-night SQM time series; target=16.51°; SQM at crossing=22.004
fajr,2021-12-16,04:01,4.0295,18.0,22.06,-8.65,124.08,1600.0,8.0,"BRIN CC0 SQM dataset, Mount Timau NTT Indonesia (data.brin.go.id hdl:20.500.12690/RIN/A5XCJB)",Pristine site 21.86 mpsas; 1600m; per-night SQM time series; target=18.0°; SQM at crossing=22.06
